category,Observed,Estimator,Est_s.e.,95% Lower,95% Upper,level,n
Species Richness,290,622.5,43.54733712287532,537.1487876165403,707.8512123834597,family,11
Shannon div.,262.75785182002943,598.5070389216787,29.107320649589386,541.4577387620245,655.5563390813329,family,11
Simpson div,232.38922155688684,538.2264176683184,32.49160959175104,474.5440330687502,601.9088022678866,family,11
