category,Observed,Estimator,Est_s.e.,95% Lower,95% Upper,level,n
Species Richness,283,593.7027777777778,63.02882823928508,470.1685444410179,717.2370111145376,family,11
Shannon div.,256.2052702802617,572.8582628448713,41.588114401049594,491.3470564338826,654.36946925586,family,11
Simpson div,226.57942511346442,519.2718118992547,36.901819262036305,446.9455751816571,591.5980486168522,family,11
