category,Observed,Estimator,Est_s.e.,95% Lower,95% Upper,level,n
Species Richness,652,2619.2455696202533,226.75725589752005,2174.8095148279813,3063.6816244125253,secies,11
Shannon div.,628.4394675977118,2713.7646222317453,173.23238443314318,2374.2353877867877,3053.293856676703,secies,11
Simpson div,598.9843924191774,3112.333736271218,168.62944952668846,2781.826088466094,3442.8413840763424,secies,11
