category,Observed,Estimator,Est_s.e.,95% Lower,95% Upper,level,n,Benthic_Plagic
Species Richness,449,2843.5029411764704,346.85424280968186,2163.681117384583,3523.3247649683576,secies,11,Benthic
Shannon div.,437.10342115814916,2870.7203572972476,312.3219625067188,2258.5805592032098,3482.8601553912854,secies,11,Benthic
Simpson div,420.796064400714,3019.7804637814943,274.2054063943414,2482.3477428824162,3557.2131846805723,secies,11,Benthic
Species Richness,193,424.20888888888885,58.22643094499396,310.08718128839223,538.3305964893855,secies,11,Pelagic
Shannon div.,183.1226585524341,466.65174835781943,44.754024330494794,378.93547250682036,554.3680242088185,secies,11,Pelagic
Simpson div,172.695121951219,597.909853100308,41.84783389644443,515.8896058322625,679.9301003683536,secies,11,Pelagic
